region,product,date,revenue,units_sold,inventory,customer_count,churn_rate,promo_active
Midwest,ProductA,2024-01-01,57832.79,961,85.5,276,0.0339,0
Midwest,ProductA,2024-02-01,60749.38,981,96.0,289,0.0374,1
Midwest,ProductA,2024-03-01,67303.42,1112,94.6,319,0.0341,0
Midwest,ProductA,2024-04-01,73430.98,1261,112.5,402,0.0345,0
Midwest,ProductA,2024-05-01,81223.26,1415,131.8,406,0.0357,0
Midwest,ProductA,2024-06-01,82659.61,1427,134.4,401,0.0358,0
Midwest,ProductA,2024-07-01,85618.5,1405,128.2,415,0.0348,0
Midwest,ProductA,2024-08-01,80632.09,1384,119.9,405,0.0344,0
Midwest,ProductA,2024-09-01,72947.92,1214,112.9,343,0.037,0
Midwest,ProductA,2024-10-01,67524.46,1143,100.9,307,0.0365,0
Midwest,ProductA,2024-11-01,58953.36,1014,89.2,290,0.0328,1
Midwest,ProductA,2024-12-01,66939.87,1109,99.5,318,0.0332,1
Midwest,ProductA,2025-01-01,57590.77,965,84.4,282,0.0358,0
Midwest,ProductA,2025-02-01,57209.22,949,89.3,267,0.0319,1
Midwest,ProductA,2025-03-01,66916.36,1080,95.4,332,0.0329,0
Midwest,ProductA,2025-04-01,73098.67,1217,114.3,358,0.0359,0
Midwest,ProductA,2025-05-01,79982.78,1473,123.8,422,0.0332,0
Midwest,ProductA,2025-06-01,81465.75,1374,135.7,423,0.0344,0
Midwest,ProductA,2025-07-01,60871.48,1007,86.5,310,0.056,0
Midwest,ProductA,2025-08-01,58444.14,909,77.5,225,0.0535,0
Midwest,ProductA,2025-09-01,52143.32,872,81.9,245,0.058,0
Midwest,ProductA,2025-10-01,67694.45,1145,103.9,333,0.0363,0
Midwest,ProductA,2025-11-01,59409.09,993,86.0,295,0.0356,1
Midwest,ProductA,2025-12-01,68725.73,1126,99.0,301,0.0331,1
Midwest,ProductB,2024-01-01,48352.97,802,75.6,194,0.0361,0
Midwest,ProductB,2024-02-01,50792.93,886,84.9,268,0.0334,1
Midwest,ProductB,2024-03-01,56882.35,948,81.5,248,0.0356,0
Midwest,ProductB,2024-04-01,60173.1,996,86.7,276,0.0362,0
Midwest,ProductB,2024-05-01,68435.36,1164,102.9,336,0.0361,0
Midwest,ProductB,2024-06-01,67706.04,1144,107.5,311,0.0348,0
Midwest,ProductB,2024-07-01,71753.73,1219,109.0,344,0.0362,0
Midwest,ProductB,2024-08-01,66778.39,1084,96.5,339,0.033,0
Midwest,ProductB,2024-09-01,60121.39,1017,101.2,285,0.0363,0
Midwest,ProductB,2024-10-01,55732.08,970,86.8,291,0.0368,0
Midwest,ProductB,2024-11-01,49025.75,831,75.6,229,0.0355,1
Midwest,ProductB,2024-12-01,56631.55,952,83.6,276,0.0319,1
Midwest,ProductB,2025-01-01,48803.659999999996,807,69.3,196,0.0335,0
Midwest,ProductB,2025-02-01,48165.36,796,83.5,239,0.0338,1
Midwest,ProductB,2025-03-01,56176.26,945,81.2,262,0.0351,0
Midwest,ProductB,2025-04-01,60699.98,1008,84.9,267,0.0345,0
Midwest,ProductB,2025-05-01,67349.5,1157,109.0,312,0.0352,0
Midwest,ProductB,2025-06-01,68380.76,1131,100.5,343,0.0351,0
Midwest,ProductB,2025-07-01,52284.47,865,75.5,266,0.0511,0
Midwest,ProductB,2025-08-01,47922.79,792,74.6,196,0.0547,0
Midwest,ProductB,2025-09-01,44072.8,750,68.9,218,0.057,0
Midwest,ProductB,2025-10-01,56442.91,957,79.9,237,0.0337,0
Midwest,ProductB,2025-11-01,49508.64,805,73.4,203,0.0346,1
Midwest,ProductB,2025-12-01,56661.4,915,80.1,244,0.0354,1
Midwest,ProductC,2024-01-01,39000.67,654,54.4,169,0.0359,0
Midwest,ProductC,2024-02-01,39942.92,631,62.4,165,0.0347,1
Midwest,ProductC,2024-03-01,45439.8,742,69.1,193,0.0353,0
Midwest,ProductC,2024-04-01,48893.62,855,76.9,225,0.036,0
Midwest,ProductC,2024-05-01,54346.11,899,75.1,261,0.0354,0
Midwest,ProductC,2024-06-01,54197.65,913,82.2,255,0.0359,0
Midwest,ProductC,2024-07-01,56482.33,965,83.3,266,0.0345,0
Midwest,ProductC,2024-08-01,53043.36,905,80.2,266,0.0339,0
Midwest,ProductC,2024-09-01,47823.45,788,69.9,209,0.0393,0
Midwest,ProductC,2024-10-01,45071.79,744,61.7,197,0.0368,0
Midwest,ProductC,2024-11-01,39325.89,692,58.2,197,0.0343,1
Midwest,ProductC,2024-12-01,46256.48,785,67.3,219,0.0319,1
Midwest,ProductC,2025-01-01,38685.33,614,52.2,150,0.0356,0
Midwest,ProductC,2025-02-01,39347.55,657,62.7,155,0.0367,1
Midwest,ProductC,2025-03-01,44831.92,732,65.1,183,0.0363,0
Midwest,ProductC,2025-04-01,48263.27,852,81.1,234,0.0375,0
Midwest,ProductC,2025-05-01,53284.51,897,77.8,216,0.0357,0
Midwest,ProductC,2025-06-01,55250.72,902,79.4,225,0.0332,0
Midwest,ProductC,2025-07-01,41094.9,721,58.0,195,0.0563,0
Midwest,ProductC,2025-08-01,38537.91,642,58.0,175,0.0599,0
Midwest,ProductC,2025-09-01,35076.32,591,51.9,171,0.0536,0
Midwest,ProductC,2025-10-01,44948.6,766,63.0,192,0.037,0
Midwest,ProductC,2025-11-01,39319.9,677,57.5,178,0.0352,1
Midwest,ProductC,2025-12-01,46228.95,780,67.1,177,0.0333,1
Midwest,ProductD,2024-01-01,29019.67,487,43.0,123,0.0367,0
Midwest,ProductD,2024-02-01,29728.25,476,46.8,107,0.0318,1
Midwest,ProductD,2024-03-01,33538.23,567,50.0,192,0.0339,0
Midwest,ProductD,2024-04-01,36526.83,614,56.4,178,0.0325,0
Midwest,ProductD,2024-05-01,40767.8,680,60.5,172,0.0361,0
Midwest,ProductD,2024-06-01,40951.97,702,64.3,190,0.0306,0
Midwest,ProductD,2024-07-01,42346.76,718,63.1,217,0.0365,0
Midwest,ProductD,2024-08-01,40237.45,671,59.3,177,0.0316,0
Midwest,ProductD,2024-09-01,36399.76,613,58.6,165,0.0345,0
Midwest,ProductD,2024-10-01,33679.54,550,48.4,134,0.0336,0
Midwest,ProductD,2024-11-01,29741.93,489,45.3,121,0.0377,1
Midwest,ProductD,2024-12-01,33628.41,584,47.8,143,0.0329,1
Midwest,ProductD,2025-01-01,28915.510000000002,471,38.7,120,0.0363,0
Midwest,ProductD,2025-02-01,28933.68,477,49.2,130,0.0371,1
Midwest,ProductD,2025-03-01,33504.64,557,51.1,152,0.0336,0
Midwest,ProductD,2025-04-01,35567.93,581,49.9,136,0.0344,0
Midwest,ProductD,2025-05-01,40215.55,664,49.4,170,0.0332,0
Midwest,ProductD,2025-06-01,40812.28,672,61.4,169,0.0352,0
Midwest,ProductD,2025-07-01,30962.21,498,48.7,103,0.0549,0
Midwest,ProductD,2025-08-01,28541.26,471,42.7,121,0.0565,0
Midwest,ProductD,2025-09-01,26286.06,463,41.6,128,0.0513,0
Midwest,ProductD,2025-10-01,34114.43,578,53.7,119,0.0367,0
Midwest,ProductD,2025-11-01,29067.0,483,45.5,148,0.0352,1
Midwest,ProductD,2025-12-01,34513.17,573,51.5,138,0.0346,1
Midwest,ProductE,2024-01-01,19690.5,329,25.7,104,0.0354,0
Midwest,ProductE,2024-02-01,20119.37,349,33.0,80,0.0335,1
Midwest,ProductE,2024-03-01,22327.18,370,31.7,105,0.0334,0
Midwest,ProductE,2024-04-01,24283.81,372,28.7,105,0.0353,0
Midwest,ProductE,2024-05-01,27204.52,442,33.0,94,0.0363,0
Midwest,ProductE,2024-06-01,27350.26,477,42.1,132,0.0371,0
Midwest,ProductE,2024-07-01,28259.989999999998,444,33.6,98,0.0361,0
Midwest,ProductE,2024-08-01,26755.69,461,38.7,138,0.0341,0
Midwest,ProductE,2024-09-01,23813.94,384,30.8,107,0.0346,0
Midwest,ProductE,2024-10-01,22819.69,361,30.1,101,0.0345,0
Midwest,ProductE,2024-11-01,19981.09,336,28.3,98,0.0326,1
Midwest,ProductE,2024-12-01,22684.97,355,34.0,113,0.0369,1
Midwest,ProductE,2025-01-01,19692.95,325,26.0,70,0.0334,0
Midwest,ProductE,2025-02-01,19429.83,320,29.1,78,0.0339,1
Midwest,ProductE,2025-03-01,22486.12,353,31.8,91,0.0349,0
Midwest,ProductE,2025-04-01,24079.65,410,37.0,78,0.0372,0
Midwest,ProductE,2025-05-01,26920.510000000002,452,38.3,99,0.0336,0
Midwest,ProductE,2025-06-01,27535.760000000002,479,41.1,122,0.0338,0
Midwest,ProductE,2025-07-01,20472.7,322,26.3,102,0.0583,0
Midwest,ProductE,2025-08-01,19480.43,313,28.8,92,0.0531,0
Midwest,ProductE,2025-09-01,17327.69,279,28.3,49,0.0542,0
Midwest,ProductE,2025-10-01,22574.33,360,30.8,88,0.0382,0
Midwest,ProductE,2025-11-01,20020.25,329,24.8,93,0.033,1
Midwest,ProductE,2025-12-01,22980.53,377,33.1,95,0.0363,1
Northeast,ProductA,2024-01-01,88404.73,1446,128.0,402,0.0358,0
Northeast,ProductA,2024-02-01,89731.74,1512,130.7,458,0.0355,1
Northeast,ProductA,2024-03-01,101223.61,1648,142.5,485,0.0371,0
Northeast,ProductA,2024-04-01,108063.09,1870,173.2,563,0.0347,0
Northeast,ProductA,2024-05-01,123763.66,2095,186.9,588,0.0369,0
Northeast,ProductA,2024-06-01,123321.95,2104,202.3,646,0.0359,0
Northeast,ProductA,2024-07-01,132446.96,2269,198.5,687,0.0337,1
Northeast,ProductA,2024-08-01,123809.47,2074,183.0,610,0.0358,0
Northeast,ProductA,2024-09-01,107480.95,1812,163.4,527,0.037,0
Northeast,ProductA,2024-10-01,100982.88,1806,153.4,545,0.035,0
Northeast,ProductA,2024-11-01,90160.15,1461,137.3,436,0.0331,1
Northeast,ProductA,2024-12-01,102330.77,1743,154.5,485,0.0331,1
Northeast,ProductA,2025-01-01,87960.89,1446,122.5,402,0.0353,0
Northeast,ProductA,2025-02-01,39215.35,643,33.9,172,0.0872,1
Northeast,ProductA,2025-03-01,72893.28,1199,84.2,338,0.0587,0
Northeast,ProductA,2025-04-01,109767.93000000001,1864,164.2,561,0.0353,0
Northeast,ProductA,2025-05-01,122117.33,1946,176.2,573,0.0354,0
Northeast,ProductA,2025-06-01,123468.75,2150,182.8,631,0.0347,0
Northeast,ProductA,2025-07-01,128052.31999999999,2156,183.2,599,0.0364,0
Northeast,ProductA,2025-08-01,121366.68000000001,2014,180.7,593,0.0358,0
Northeast,ProductA,2025-09-01,108588.73,1773,169.9,516,0.0374,0
Northeast,ProductA,2025-10-01,100931.75,1680,149.4,482,0.0373,0
Northeast,ProductA,2025-11-01,89410.43,1443,130.7,431,0.0339,1
Northeast,ProductA,2025-12-01,103969.11,1697,146.4,480,0.0323,1
Northeast,ProductB,2024-01-01,71551.16,1234,105.9,348,0.0348,0
Northeast,ProductB,2024-02-01,75814.51,1292,123.3,358,0.0337,1
Northeast,ProductB,2024-03-01,84157.48,1445,127.2,399,0.0331,0
Northeast,ProductB,2024-04-01,90617.98,1463,129.6,414,0.0359,0
Northeast,ProductB,2024-05-01,102735.1,1773,148.9,517,0.0381,0
Northeast,ProductB,2024-06-01,100977.06999999999,1728,156.2,540,0.0341,0
Northeast,ProductB,2024-07-01,110698.91,1919,166.5,563,0.0343,1
Northeast,ProductB,2024-08-01,102219.20999999999,1700,141.5,584,0.0362,0
Northeast,ProductB,2024-09-01,90780.31,1586,138.9,453,0.0342,0
Northeast,ProductB,2024-10-01,84705.94,1306,118.6,382,0.037,0
Northeast,ProductB,2024-11-01,75991.57,1293,115.0,418,0.0361,1
Northeast,ProductB,2024-12-01,83633.49,1364,118.8,418,0.0354,1
Northeast,ProductB,2025-01-01,72515.26,1249,107.2,379,0.0368,0
Northeast,ProductB,2025-02-01,32899.77,527,25.0,116,0.0825,1
Northeast,ProductB,2025-03-01,62074.81,1102,76.5,305,0.0648,0
Northeast,ProductB,2025-04-01,90293.92,1558,144.8,471,0.0367,0
Northeast,ProductB,2025-05-01,102185.12,1757,154.6,535,0.034,0
Northeast,ProductB,2025-06-01,102163.04,1706,157.2,468,0.0383,0
Northeast,ProductB,2025-07-01,106843.68,1827,162.2,547,0.0368,0
Northeast,ProductB,2025-08-01,100027.71,1717,153.3,469,0.0339,0
Northeast,ProductB,2025-09-01,91659.46,1580,138.6,465,0.0326,0
Northeast,ProductB,2025-10-01,83515.46,1354,122.5,407,0.0358,0
Northeast,ProductB,2025-11-01,74626.67,1258,117.8,340,0.0327,1
Northeast,ProductB,2025-12-01,86869.99,1420,125.9,402,0.0359,1
Northeast,ProductC,2024-01-01,58981.4,1014,90.7,305,0.0367,0
Northeast,ProductC,2024-02-01,60674.42,1044,89.6,332,0.0344,1
Northeast,ProductC,2024-03-01,67164.13,1123,91.5,304,0.037,0
Northeast,ProductC,2024-04-01,72718.69,1250,116.0,360,0.0358,0
Northeast,ProductC,2024-05-01,83105.41,1428,129.2,452,0.0351,0
Northeast,ProductC,2024-06-01,81391.73,1390,121.0,384,0.0348,0
Northeast,ProductC,2024-07-01,87998.0,1495,130.3,406,0.0314,1
Northeast,ProductC,2024-08-01,80976.93,1406,124.3,439,0.0355,0
Northeast,ProductC,2024-09-01,72812.51,1262,119.6,371,0.0345,0
Northeast,ProductC,2024-10-01,66649.28,1141,103.1,366,0.036,0
Northeast,ProductC,2024-11-01,59487.15,974,88.2,226,0.0363,1
Northeast,ProductC,2024-12-01,67249.76,1166,99.7,322,0.0337,1
Northeast,ProductC,2025-01-01,58059.01,953,86.6,249,0.0352,0
Northeast,ProductC,2025-02-01,26232.37,458,23.1,145,0.0917,1
Northeast,ProductC,2025-03-01,49473.36,830,62.1,263,0.0637,0
Northeast,ProductC,2025-04-01,71595.96,1243,118.7,366,0.0363,0
Northeast,ProductC,2025-05-01,80967.24,1352,111.7,387,0.0346,0
Northeast,ProductC,2025-06-01,81548.71,1327,121.3,380,0.0362,0
Northeast,ProductC,2025-07-01,84177.58,1479,129.0,450,0.0313,0
Northeast,ProductC,2025-08-01,79982.98,1370,115.5,413,0.0335,0
Northeast,ProductC,2025-09-01,73024.6,1272,119.3,399,0.0353,0
Northeast,ProductC,2025-10-01,68622.23,1140,102.4,324,0.035,0
Northeast,ProductC,2025-11-01,58548.83,985,88.1,278,0.034,1
Northeast,ProductC,2025-12-01,70186.63,1173,105.6,324,0.0331,1
Northeast,ProductD,2024-01-01,43482.97,705,62.4,176,0.0359,0
Northeast,ProductD,2024-02-01,44966.15,778,72.0,207,0.0353,1
Northeast,ProductD,2024-03-01,50734.64,819,72.5,232,0.0384,0
Northeast,ProductD,2024-04-01,54717.6,941,87.0,260,0.0362,0
Northeast,ProductD,2024-05-01,60631.020000000004,1049,94.8,315,0.0358,0
Northeast,ProductD,2024-06-01,60536.29,1017,92.0,286,0.0353,0
Northeast,ProductD,2024-07-01,66956.42,1118,94.2,314,0.0373,1
Northeast,ProductD,2024-08-01,60528.85,1059,99.1,312,0.0319,0
Northeast,ProductD,2024-09-01,54212.840000000004,926,80.4,266,0.0339,0
Northeast,ProductD,2024-10-01,50603.1,848,76.9,208,0.0333,0
Northeast,ProductD,2024-11-01,44194.8,744,68.6,192,0.0338,1
Northeast,ProductD,2024-12-01,50030.13,809,70.3,259,0.0349,1
Northeast,ProductD,2025-01-01,43075.07,697,63.1,225,0.033,0
Northeast,ProductD,2025-02-01,19575.27,336,22.9,78,0.0854,1
Northeast,ProductD,2025-03-01,37760.78,593,43.7,152,0.0591,0
Northeast,ProductD,2025-04-01,53490.659999999996,934,87.2,255,0.0392,0
Northeast,ProductD,2025-05-01,62354.5,1026,90.8,296,0.033,0
Northeast,ProductD,2025-06-01,61699.61,1063,94.6,319,0.0348,0
Northeast,ProductD,2025-07-01,62971.11,1034,84.6,304,0.0357,0
Northeast,ProductD,2025-08-01,61097.94,1065,100.9,319,0.0365,0
Northeast,ProductD,2025-09-01,54177.9,884,80.7,255,0.0329,0
Northeast,ProductD,2025-10-01,50963.23,874,67.2,275,0.0362,0
Northeast,ProductD,2025-11-01,44034.590000000004,726,70.1,195,0.0357,1
Northeast,ProductD,2025-12-01,51694.39,882,80.1,231,0.0343,1
Northeast,ProductE,2024-01-01,28951.74,478,41.9,131,0.0352,0
Northeast,ProductE,2024-02-01,30622.71,505,47.3,128,0.0368,1
Northeast,ProductE,2024-03-01,33198.05,540,43.9,143,0.0367,0
Northeast,ProductE,2024-04-01,36532.43,615,53.1,171,0.0383,0
Northeast,ProductE,2024-05-01,41174.090000000004,696,64.2,176,0.0351,0
Northeast,ProductE,2024-06-01,40579.24,690,58.1,181,0.0353,0
Northeast,ProductE,2024-07-01,44104.96,744,67.2,207,0.0347,1
Northeast,ProductE,2024-08-01,40033.96,681,60.2,175,0.0367,0
Northeast,ProductE,2024-09-01,35404.54,580,53.4,174,0.0337,0
Northeast,ProductE,2024-10-01,33256.45,558,41.0,153,0.0333,0
Northeast,ProductE,2024-11-01,29724.04,507,46.0,142,0.0338,1
Northeast,ProductE,2024-12-01,33915.71,542,48.2,141,0.0352,1
Northeast,ProductE,2025-01-01,29431.32,461,38.3,121,0.0375,0
Northeast,ProductE,2025-02-01,13049.67,206,10.2,69,0.0897,1
Northeast,ProductE,2025-03-01,24905.05,414,31.0,104,0.0576,0
Northeast,ProductE,2025-04-01,35994.77,617,55.4,185,0.0314,0
Northeast,ProductE,2025-05-01,40424.42,665,61.6,166,0.0343,0
Northeast,ProductE,2025-06-01,40941.13,690,65.8,145,0.0345,0
Northeast,ProductE,2025-07-01,42990.9,723,63.5,206,0.0366,0
Northeast,ProductE,2025-08-01,40733.2,673,60.4,202,0.0348,0
Northeast,ProductE,2025-09-01,36246.16,632,57.2,163,0.0361,0
Northeast,ProductE,2025-10-01,33418.55,556,46.1,141,0.0337,0
Northeast,ProductE,2025-11-01,29327.969999999998,479,42.4,135,0.0348,1
Northeast,ProductE,2025-12-01,34380.24,587,55.6,165,0.0386,1
Southeast,ProductA,2024-01-01,69678.42,1136,100.5,338,0.0355,0
Southeast,ProductA,2024-02-01,68875.27,1178,121.0,293,0.034,0
Southeast,ProductA,2024-03-01,79793.51,1343,119.9,380,0.0368,0
Southeast,ProductA,2024-04-01,85719.36,1489,136.5,436,0.0368,0
Southeast,ProductA,2024-05-01,96476.87,1654,150.3,460,0.0338,0
Southeast,ProductA,2024-06-01,97071.27,1566,143.0,485,0.0329,0
Southeast,ProductA,2024-07-01,107452.73,1871,171.6,580,0.0364,1
Southeast,ProductA,2024-08-01,95968.7,1644,140.8,500,0.0356,0
Southeast,ProductA,2024-09-01,84514.32,1334,128.2,398,0.0352,0
Southeast,ProductA,2024-10-01,79900.92,1401,124.1,411,0.0351,0
Southeast,ProductA,2024-11-01,70365.17,1164,110.6,332,0.0334,1
Southeast,ProductA,2024-12-01,79959.34,1364,115.9,361,0.0328,1
Southeast,ProductA,2025-01-01,69186.47,1164,99.9,328,0.0361,0
Southeast,ProductA,2025-02-01,65646.44,1098,109.2,325,0.0371,0
Southeast,ProductA,2025-03-01,80435.97,1338,122.5,387,0.0361,0
Southeast,ProductA,2025-04-01,86766.39,1409,137.6,407,0.0337,0
Southeast,ProductA,2025-05-01,94952.08,1600,147.3,474,0.0352,0
Southeast,ProductA,2025-06-01,98068.87,1769,167.2,528,0.0339,0
Southeast,ProductA,2025-07-01,100834.57,1713,148.9,517,0.0344,0
Southeast,ProductA,2025-08-01,94781.79000000001,1628,147.3,456,0.0331,0
Southeast,ProductA,2025-09-01,86706.92,1383,125.8,402,0.0345,0
Southeast,ProductA,2025-10-01,79583.20999999999,1335,117.9,390,0.0365,0
Southeast,ProductA,2025-11-01,69842.8,1212,107.6,378,0.0309,1
Southeast,ProductA,2025-12-01,81563.83,1416,123.0,415,0.0354,1
Southeast,ProductB,2024-01-01,56895.56,978,80.6,267,0.0371,0
Southeast,ProductB,2024-02-01,57946.97,964,94.1,271,0.0347,0
Southeast,ProductB,2024-03-01,66782.33,1105,95.4,315,0.0343,0
Southeast,ProductB,2024-04-01,71618.5,1164,103.3,342,0.0379,0
Southeast,ProductB,2024-05-01,80396.89,1356,121.9,388,0.0329,0
Southeast,ProductB,2024-06-01,82417.7,1340,115.5,375,0.037,0
Southeast,ProductB,2024-07-01,88123.26,1521,136.2,442,0.0364,1
Southeast,ProductB,2024-08-01,80266.33,1424,119.0,444,0.0348,0
Southeast,ProductB,2024-09-01,71379.55,1218,112.4,339,0.0339,0
Southeast,ProductB,2024-10-01,65915.34,1152,101.0,297,0.0366,0
Southeast,ProductB,2024-11-01,58518.28,971,92.0,275,0.0341,1
Southeast,ProductB,2024-12-01,67865.15,1151,99.5,354,0.0325,1
Southeast,ProductB,2025-01-01,58208.88,955,78.8,251,0.0362,0
Southeast,ProductB,2025-02-01,55808.31,974,90.4,287,0.0348,0
Southeast,ProductB,2025-03-01,66874.37,1081,97.4,281,0.0356,0
Southeast,ProductB,2025-04-01,72093.13,1223,114.2,351,0.0337,0
Southeast,ProductB,2025-05-01,80200.89,1326,115.8,396,0.0341,0
Southeast,ProductB,2025-06-01,81056.5,1318,118.7,402,0.0366,0
Southeast,ProductB,2025-07-01,82805.65,1416,121.6,449,0.0388,0
Southeast,ProductB,2025-08-01,80797.16,1357,119.7,406,0.034,0
Southeast,ProductB,2025-09-01,72423.41,1223,112.3,396,0.0371,0
Southeast,ProductB,2025-10-01,66692.42,1087,96.5,307,0.0332,0
Southeast,ProductB,2025-11-01,59107.78,982,86.5,269,0.0362,1
Southeast,ProductB,2025-12-01,67552.61,1157,99.5,323,0.0367,1
Southeast,ProductC,2024-01-01,46065.3,750,69.6,220,0.0333,0
Southeast,ProductC,2024-02-01,46320.82,768,68.1,197,0.0371,0
Southeast,ProductC,2024-03-01,53147.34,885,77.5,235,0.0341,0
Southeast,ProductC,2024-04-01,57701.3,945,82.9,269,0.0339,0
Southeast,ProductC,2024-05-01,65281.53,1137,100.8,350,0.0347,0
Southeast,ProductC,2024-06-01,34482.79,583,42.6,160,0.1112,0
Southeast,ProductC,2024-07-01,70353.58,1217,110.1,331,0.0368,1
Southeast,ProductC,2024-08-01,63913.43,1042,88.4,284,0.0342,0
Southeast,ProductC,2024-09-01,57800.49,976,87.6,279,0.0352,0
Southeast,ProductC,2024-10-01,53426.99,909,75.9,228,0.0333,0
Southeast,ProductC,2024-11-01,46833.78,775,75.2,221,0.0367,1
Southeast,ProductC,2024-12-01,52980.5,886,81.0,244,0.0368,1
Southeast,ProductC,2025-01-01,45761.48,741,61.0,216,0.033,0
Southeast,ProductC,2025-02-01,44585.26,763,75.8,203,0.033,0
Southeast,ProductC,2025-03-01,53310.43,879,71.7,236,0.0353,0
Southeast,ProductC,2025-04-01,55766.54,943,88.7,288,0.0352,0
Southeast,ProductC,2025-05-01,64556.22,1079,97.7,310,0.0368,0
Southeast,ProductC,2025-06-01,64816.94,1038,92.6,312,0.0348,0
Southeast,ProductC,2025-07-01,66695.05,1076,101.7,314,0.0376,0
Southeast,ProductC,2025-08-01,62833.95,1049,90.4,280,0.0354,0
Southeast,ProductC,2025-09-01,57102.83,981,82.7,299,0.0339,0
Southeast,ProductC,2025-10-01,53726.23,862,76.5,244,0.033,0
Southeast,ProductC,2025-11-01,47099.19,781,79.0,215,0.0329,1
Southeast,ProductC,2025-12-01,54895.8,991,89.6,290,0.0365,1
Southeast,ProductD,2024-01-01,34410.34,564,46.7,123,0.0357,0
Southeast,ProductD,2024-02-01,34743.53,563,52.8,127,0.0355,0
Southeast,ProductD,2024-03-01,40071.14,661,55.2,210,0.036,0
Southeast,ProductD,2024-04-01,43207.44,714,69.4,214,0.0356,0
Southeast,ProductD,2024-05-01,48773.96,814,70.5,242,0.0353,0
Southeast,ProductD,2024-06-01,48464.29,822,82.9,213,0.0367,0
Southeast,ProductD,2024-07-01,53719.15,946,78.5,253,0.0342,1
Southeast,ProductD,2024-08-01,47929.04,793,69.2,203,0.034,0
Southeast,ProductD,2024-09-01,42902.8,712,61.3,172,0.0345,0
Southeast,ProductD,2024-10-01,40650.14,688,56.4,178,0.0343,0
Southeast,ProductD,2024-11-01,35621.66,582,51.4,153,0.039,1
Southeast,ProductD,2024-12-01,40633.83,680,62.7,183,0.0373,1
Southeast,ProductD,2025-01-01,34534.17,570,49.9,173,0.034,0
Southeast,ProductD,2025-02-01,32959.04,553,53.0,166,0.0341,0
Southeast,ProductD,2025-03-01,39635.63,646,58.1,169,0.0336,0
Southeast,ProductD,2025-04-01,42254.68,718,65.0,182,0.0358,0
Southeast,ProductD,2025-05-01,48481.64,821,68.2,224,0.0357,0
Southeast,ProductD,2025-06-01,48376.66,815,72.1,219,0.0351,0
Southeast,ProductD,2025-07-01,50858.66,794,64.6,228,0.0352,0
Southeast,ProductD,2025-08-01,48072.770000000004,792,70.7,218,0.0329,0
Southeast,ProductD,2025-09-01,43492.93,738,71.0,213,0.0333,0
Southeast,ProductD,2025-10-01,40781.36,683,61.8,170,0.0334,0
Southeast,ProductD,2025-11-01,35892.53,610,55.3,146,0.0353,1
Southeast,ProductD,2025-12-01,40859.57,689,64.6,184,0.0369,1
Southeast,ProductE,2024-01-01,23270.92,395,28.8,107,0.0333,0
Southeast,ProductE,2024-02-01,23118.38,392,41.2,107,0.0339,0
Southeast,ProductE,2024-03-01,26692.37,436,39.9,84,0.0362,0
Southeast,ProductE,2024-04-01,28802.53,477,41.6,137,0.0357,0
Southeast,ProductE,2024-05-01,32060.33,546,49.4,141,0.0371,0
Southeast,ProductE,2024-06-01,31954.59,546,46.8,144,0.0338,0
Southeast,ProductE,2024-07-01,35177.98,583,52.1,132,0.0339,1
Southeast,ProductE,2024-08-01,32253.28,556,47.1,126,0.0352,0
Southeast,ProductE,2024-09-01,28352.82,462,38.8,121,0.035,0
Southeast,ProductE,2024-10-01,26620.9,432,40.5,124,0.0337,0
Southeast,ProductE,2024-11-01,23213.77,370,36.1,80,0.0338,1
Southeast,ProductE,2024-12-01,26694.19,432,36.7,116,0.0354,1
Southeast,ProductE,2025-01-01,23525.47,399,31.1,116,0.0341,0
Southeast,ProductE,2025-02-01,22199.47,348,34.6,83,0.0312,0
Southeast,ProductE,2025-03-01,26385.07,457,38.1,105,0.0369,0
Southeast,ProductE,2025-04-01,28676.21,460,39.8,105,0.0347,0
Southeast,ProductE,2025-05-01,32339.4,540,45.9,119,0.0343,0
Southeast,ProductE,2025-06-01,32892.17,536,45.5,160,0.0367,0
Southeast,ProductE,2025-07-01,33339.0,564,46.2,179,0.0349,0
Southeast,ProductE,2025-08-01,31888.99,536,45.2,149,0.0382,0
Southeast,ProductE,2025-09-01,28652.28,486,42.5,107,0.0346,0
Southeast,ProductE,2025-10-01,26349.18,429,35.1,95,0.0367,0
Southeast,ProductE,2025-11-01,23674.08,388,37.2,78,0.0359,1
Southeast,ProductE,2025-12-01,27081.55,451,35.7,108,0.0365,1
Southwest,ProductA,2024-01-01,50608.53,851,71.9,234,0.0371,0
Southwest,ProductA,2024-02-01,48985.82,838,78.9,206,0.0323,0
Southwest,ProductA,2024-03-01,59453.26,971,83.3,296,0.0369,0
Southwest,ProductA,2024-04-01,63045.24,1085,104.1,313,0.0353,0
Southwest,ProductA,2024-05-01,74861.69,1254,105.0,330,0.0326,1
Southwest,ProductA,2024-06-01,71998.64,1228,109.0,346,0.0352,1
Southwest,ProductA,2024-07-01,74466.76,1230,109.1,373,0.0365,0
Southwest,ProductA,2024-08-01,70950.49,1173,104.4,361,0.0356,0
Southwest,ProductA,2024-09-01,62708.33,1073,102.5,296,0.033,0
Southwest,ProductA,2024-10-01,58690.03,970,83.1,296,0.0345,0
Southwest,ProductA,2024-11-01,52591.54,873,73.1,274,0.0341,1
Southwest,ProductA,2024-12-01,58263.97,978,86.3,261,0.0375,1
Southwest,ProductA,2025-01-01,50753.7,862,74.3,244,0.0362,0
Southwest,ProductA,2025-02-01,49019.24,822,74.8,227,0.0336,0
Southwest,ProductA,2025-03-01,59255.28,971,88.8,272,0.0346,0
Southwest,ProductA,2025-04-01,64195.99,1093,101.3,326,0.0336,0
Southwest,ProductA,2025-05-01,75965.37,1278,113.8,384,0.0372,1
Southwest,ProductA,2025-06-01,72131.99,1240,112.3,345,0.0317,1
Southwest,ProductA,2025-07-01,74604.0,1246,114.7,372,0.0374,0
Southwest,ProductA,2025-08-01,71874.13,1184,107.5,363,0.0327,0
Southwest,ProductA,2025-09-01,64327.869999999995,1056,98.5,278,0.0355,0
Southwest,ProductA,2025-10-01,60277.86,1007,86.1,280,0.0344,0
Southwest,ProductA,2025-11-01,51910.51,861,73.2,251,0.0374,1
Southwest,ProductA,2025-12-01,60095.07,1013,86.9,275,0.0357,1
Southwest,ProductB,2024-01-01,42580.98,730,61.0,186,0.0335,0
Southwest,ProductB,2024-02-01,41868.43,683,66.3,197,0.0345,0
Southwest,ProductB,2024-03-01,48960.92,847,75.8,260,0.0338,0
Southwest,ProductB,2024-04-01,52455.61,888,78.2,258,0.0342,0
Southwest,ProductB,2024-05-01,63551.57,1050,91.0,284,0.0371,1
Southwest,ProductB,2024-06-01,59470.8,986,90.7,273,0.0343,1
Southwest,ProductB,2024-07-01,61651.03,1047,85.5,313,0.0348,0
Southwest,ProductB,2024-08-01,59041.18,974,87.8,268,0.0352,0
Southwest,ProductB,2024-09-01,52536.77,887,79.5,236,0.0362,0
Southwest,ProductB,2024-10-01,48351.85,819,72.1,214,0.0339,0
Southwest,ProductB,2024-11-01,43284.18,694,63.4,191,0.0317,1
Southwest,ProductB,2024-12-01,48495.73,821,69.4,229,0.0353,1
Southwest,ProductB,2025-01-01,41350.46,687,60.7,187,0.0376,0
Southwest,ProductB,2025-02-01,40967.63,685,66.1,206,0.0325,0
Southwest,ProductB,2025-03-01,48852.590000000004,806,67.3,227,0.0354,0
Southwest,ProductB,2025-04-01,52794.96,869,80.4,271,0.0363,0
Southwest,ProductB,2025-05-01,63323.92,1079,91.8,325,0.0356,1
Southwest,ProductB,2025-06-01,59730.85,984,96.7,295,0.0372,1
Southwest,ProductB,2025-07-01,61815.36,1058,95.6,279,0.0344,0
Southwest,ProductB,2025-08-01,58214.31,974,90.6,258,0.038,0
Southwest,ProductB,2025-09-01,53126.840000000004,922,87.4,259,0.0358,0
Southwest,ProductB,2025-10-01,48438.43,785,70.6,215,0.035,0
Southwest,ProductB,2025-11-01,43779.48,724,64.3,187,0.0338,1
Southwest,ProductB,2025-12-01,49918.52,811,75.4,216,0.0343,1
Southwest,ProductC,2024-01-01,34297.13,570,43.9,159,0.0345,0
Southwest,ProductC,2024-02-01,33557.9,546,49.9,160,0.0346,0
Southwest,ProductC,2024-03-01,38874.55,638,56.6,171,0.0346,0
Southwest,ProductC,2024-04-01,42843.44,724,65.8,211,0.0351,0
Southwest,ProductC,2024-05-01,50020.54,860,78.3,262,0.0357,1
Southwest,ProductC,2024-06-01,48310.88,794,69.0,204,0.0339,1
Southwest,ProductC,2024-07-01,49949.46,824,71.4,247,0.0339,0
Southwest,ProductC,2024-08-01,46622.67,822,74.0,215,0.0342,0
Southwest,ProductC,2024-09-01,41827.07,727,62.9,201,0.0349,0
Southwest,ProductC,2024-10-01,39836.98,693,57.6,203,0.0335,0
Southwest,ProductC,2024-11-01,35091.97,590,58.1,172,0.035,1
Southwest,ProductC,2024-12-01,39567.56,616,52.6,162,0.0382,1
Southwest,ProductC,2025-01-01,33725.64,555,46.4,126,0.0358,0
Southwest,ProductC,2025-02-01,32659.62,527,46.2,143,0.0366,0
Southwest,ProductC,2025-03-01,38685.31,659,58.3,181,0.0328,0
Southwest,ProductC,2025-04-01,43042.229999999996,729,66.5,233,0.0374,0
Southwest,ProductC,2025-05-01,50175.93,879,76.4,232,0.031,1
Southwest,ProductC,2025-06-01,48589.46,804,72.7,227,0.0322,1
Southwest,ProductC,2025-07-01,49327.270000000004,858,79.2,242,0.0349,0
Southwest,ProductC,2025-08-01,47003.97,781,66.5,203,0.0345,0
Southwest,ProductC,2025-09-01,42372.22,688,64.6,197,0.0335,0
Southwest,ProductC,2025-10-01,39625.73,642,56.8,158,0.0359,0
Southwest,ProductC,2025-11-01,34459.47,557,48.6,165,0.0345,1
Southwest,ProductC,2025-12-01,39961.23,696,60.6,185,0.0351,1
Southwest,ProductD,2024-01-01,25312.44,403,33.0,98,0.0369,0
Southwest,ProductD,2024-02-01,24996.53,418,40.3,81,0.0357,0
Southwest,ProductD,2024-03-01,29571.29,495,42.3,116,0.0353,0
Southwest,ProductD,2024-04-01,31893.87,510,46.6,114,0.035,0
Southwest,ProductD,2024-05-01,37779.89,622,54.8,154,0.0353,1
Southwest,ProductD,2024-06-01,35785.05,585,51.8,156,0.0338,1
Southwest,ProductD,2024-07-01,37133.32,625,59.9,181,0.036,0
Southwest,ProductD,2024-08-01,35485.15,597,54.4,160,0.0356,0
Southwest,ProductD,2024-09-01,31665.75,536,47.2,147,0.0354,0
Southwest,ProductD,2024-10-01,29497.77,472,38.3,127,0.0328,0
Southwest,ProductD,2024-11-01,25339.02,415,37.0,81,0.032,1
Southwest,ProductD,2024-12-01,29581.38,489,41.7,132,0.0355,1
Southwest,ProductD,2025-01-01,25548.41,430,38.1,137,0.0319,0
Southwest,ProductD,2025-02-01,24171.670000000002,394,38.8,99,0.0362,0
Southwest,ProductD,2025-03-01,29386.35,484,43.3,131,0.0333,0
Southwest,ProductD,2025-04-01,31525.59,540,46.7,147,0.0353,0
Southwest,ProductD,2025-05-01,37547.01,641,57.4,184,0.0383,1
Southwest,ProductD,2025-06-01,35849.66,634,56.9,183,0.0343,1
Southwest,ProductD,2025-07-01,37211.91,617,53.2,163,0.036,0
Southwest,ProductD,2025-08-01,34977.79,577,50.3,176,0.0344,0
Southwest,ProductD,2025-09-01,31824.06,523,44.7,163,0.033,0
Southwest,ProductD,2025-10-01,29502.62,492,44.1,119,0.0316,0
Southwest,ProductD,2025-11-01,26044.48,421,33.9,111,0.0336,1
Southwest,ProductD,2025-12-01,29676.350000000002,477,44.6,129,0.0359,1
Southwest,ProductE,2024-01-01,16962.6,271,25.2,64,0.0372,0
Southwest,ProductE,2024-02-01,16788.58,275,23.4,68,0.0382,0
Southwest,ProductE,2024-03-01,19604.89,331,28.5,117,0.0348,0
Southwest,ProductE,2024-04-01,21004.21,343,27.8,100,0.0364,0
Southwest,ProductE,2024-05-01,24773.49,409,33.4,101,0.0344,1
Southwest,ProductE,2024-06-01,23864.67,382,34.0,89,0.0326,1
Southwest,ProductE,2024-07-01,24457.6,402,31.5,92,0.0364,0
Southwest,ProductE,2024-08-01,23677.9,364,35.9,107,0.0365,0
Southwest,ProductE,2024-09-01,21072.1,329,35.2,78,0.0345,0
Southwest,ProductE,2024-10-01,19633.55,313,28.6,69,0.0337,0
Southwest,ProductE,2024-11-01,17532.18,290,28.0,66,0.0376,1
Southwest,ProductE,2024-12-01,19938.09,338,28.0,93,0.0319,1
Southwest,ProductE,2025-01-01,16996.98,261,20.9,71,0.0342,0
Southwest,ProductE,2025-02-01,16056.94,259,20.9,56,0.0345,0
Southwest,ProductE,2025-03-01,19391.68,309,25.5,86,0.0347,0
Southwest,ProductE,2025-04-01,21440.73,345,27.7,97,0.0353,0
Southwest,ProductE,2025-05-01,25304.78,421,36.9,121,0.0348,1
Southwest,ProductE,2025-06-01,23702.329999999998,357,28.4,83,0.0353,1
Southwest,ProductE,2025-07-01,24734.99,398,33.3,82,0.0353,0
Southwest,ProductE,2025-08-01,23289.71,388,32.0,116,0.0349,0
Southwest,ProductE,2025-09-01,20989.78,348,28.7,82,0.0366,0
Southwest,ProductE,2025-10-01,19814.74,306,24.5,74,0.036,0
Southwest,ProductE,2025-11-01,17476.34,281,29.2,53,0.0361,1
Southwest,ProductE,2025-12-01,19911.26,307,29.2,67,0.0329,1
West,ProductA,2024-01-01,77152.63,1288,108.5,372,0.0334,0
West,ProductA,2024-02-01,79466.7,1302,118.2,396,0.0366,0
West,ProductA,2024-03-01,92013.81,1565,132.7,433,0.0367,0
West,ProductA,2024-04-01,99917.67,1727,154.7,507,0.0331,0
West,ProductA,2024-05-01,117765.78,2059,178.8,606,0.0325,1
West,ProductA,2024-06-01,112861.11,1939,175.5,639,0.0361,1
West,ProductA,2024-07-01,115522.92,1942,175.8,582,0.0356,0
West,ProductA,2024-08-01,152582.47,2744,249.3,819,0.0341,0
West,ProductA,2024-09-01,98527.32,1748,162.6,553,0.0344,0
West,ProductA,2024-10-01,92215.35,1567,147.1,453,0.036,0
West,ProductA,2024-11-01,81317.8,1364,125.2,392,0.0369,1
West,ProductA,2024-12-01,93304.34,1626,144.5,459,0.034,1
West,ProductA,2025-01-01,80523.55,1357,120.1,372,0.0351,0
West,ProductA,2025-02-01,75644.81,1258,121.3,378,0.0346,0
West,ProductA,2025-03-01,91815.79000000001,1547,130.9,435,0.035,0
West,ProductA,2025-04-01,98604.25,1679,151.8,514,0.0348,0
West,ProductA,2025-05-01,117503.3,2022,177.8,604,0.0356,1
West,ProductA,2025-06-01,113202.85,1934,171.9,548,0.0329,1
West,ProductA,2025-07-01,115913.8,1979,174.1,619,0.0336,0
West,ProductA,2025-08-01,110836.86,1860,164.4,547,0.0346,0
West,ProductA,2025-09-01,100164.74,1715,162.1,528,0.0348,0
West,ProductA,2025-10-01,94265.29,1577,141.4,431,0.0351,0
West,ProductA,2025-11-01,81292.03,1364,120.6,441,0.0362,1
West,ProductA,2025-12-01,94083.08,1613,145.8,476,0.0367,1
West,ProductB,2024-01-01,66433.57,1086,95.7,318,0.037,0
West,ProductB,2024-02-01,66715.54,1102,102.8,329,0.0364,0
West,ProductB,2024-03-01,78047.79,1306,110.4,418,0.0358,0
West,ProductB,2024-04-01,82376.89,1358,122.1,396,0.0324,0
West,ProductB,2024-05-01,97926.08,1537,137.4,433,0.0355,1
West,ProductB,2024-06-01,94817.41,1637,148.9,485,0.0352,1
West,ProductB,2024-07-01,96712.73,1622,144.5,483,0.0322,0
West,ProductB,2024-08-01,126542.7,2170,188.9,623,0.0347,0
West,ProductB,2024-09-01,84083.97,1495,141.3,443,0.0354,0
West,ProductB,2024-10-01,76315.93,1252,111.6,356,0.0329,0
West,ProductB,2024-11-01,68555.52,1092,102.5,294,0.0365,1
West,ProductB,2024-12-01,77388.3,1311,112.0,379,0.0345,1
West,ProductB,2025-01-01,67155.70999999999,1144,102.9,315,0.0339,0
West,ProductB,2025-02-01,63287.97,1083,103.4,315,0.0347,0
West,ProductB,2025-03-01,76697.47,1340,119.5,363,0.0347,0
West,ProductB,2025-04-01,83582.24,1371,122.2,385,0.035,0
West,ProductB,2025-05-01,96845.39,1684,152.8,465,0.037,1
West,ProductB,2025-06-01,94298.86,1542,150.5,462,0.0342,1
West,ProductB,2025-07-01,97110.56,1558,132.2,481,0.0325,0
West,ProductB,2025-08-01,92284.23,1496,137.9,425,0.0341,0
West,ProductB,2025-09-01,82430.85,1389,128.9,402,0.0344,0
West,ProductB,2025-10-01,75829.3,1268,107.6,379,0.035,0
West,ProductB,2025-11-01,68352.58,1146,109.5,352,0.0353,1
West,ProductB,2025-12-01,78356.35,1292,117.0,353,0.0355,1
West,ProductC,2024-01-01,52860.52,917,91.0,253,0.0381,0
West,ProductC,2024-02-01,52608.79,835,72.3,258,0.0341,0
West,ProductC,2024-03-01,61824.28,1084,94.9,326,0.0361,0
West,ProductC,2024-04-01,66778.13,1052,93.9,278,0.0358,0
West,ProductC,2024-05-01,79265.59,1378,121.3,405,0.0336,1
West,ProductC,2024-06-01,74735.5,1213,114.0,327,0.0372,1
West,ProductC,2024-07-01,79733.15,1285,116.1,373,0.0342,0
West,ProductC,2024-08-01,101996.52,1704,138.8,532,0.034,0
West,ProductC,2024-09-01,65791.2,1090,104.7,297,0.0348,0
West,ProductC,2024-10-01,61990.41,1025,88.4,320,0.0362,0
West,ProductC,2024-11-01,54984.86,915,85.3,246,0.0358,1
West,ProductC,2024-12-01,60665.21,1002,83.2,283,0.036,1
West,ProductC,2025-01-01,53063.2,889,79.5,255,0.0327,0
West,ProductC,2025-02-01,51165.85,883,85.3,249,0.0363,0
West,ProductC,2025-03-01,61434.23,1074,91.5,298,0.0343,0
West,ProductC,2025-04-01,67070.58,1117,99.2,293,0.0355,0
West,ProductC,2025-05-01,78013.4,1233,111.5,361,0.0368,1
West,ProductC,2025-06-01,75208.86,1208,112.6,362,0.0344,1
West,ProductC,2025-07-01,77920.24,1344,121.2,383,0.0355,0
West,ProductC,2025-08-01,73908.89,1270,105.0,364,0.0343,0
West,ProductC,2025-09-01,66222.53,1105,94.0,318,0.037,0
West,ProductC,2025-10-01,61086.74,1062,97.2,319,0.0325,0
West,ProductC,2025-11-01,54084.159999999996,880,79.0,255,0.0344,1
West,ProductC,2025-12-01,62937.92,1071,93.9,309,0.0352,1
West,ProductD,2024-01-01,40365.91,654,61.5,166,0.0362,0
West,ProductD,2024-02-01,39616.27,644,59.8,203,0.0372,0
West,ProductD,2024-03-01,46056.75,729,58.0,208,0.0347,0
West,ProductD,2024-04-01,50524.98,828,75.6,211,0.0338,0
West,ProductD,2024-05-01,59778.2,1010,88.2,273,0.035,1
West,ProductD,2024-06-01,56175.41,931,85.5,295,0.0314,1
West,ProductD,2024-07-01,58090.28,1009,88.7,301,0.0343,0
West,ProductD,2024-08-01,77235.31,1247,111.3,335,0.0377,0
West,ProductD,2024-09-01,48623.18,815,73.5,229,0.0357,0
West,ProductD,2024-10-01,46253.55,767,62.3,205,0.0352,0
West,ProductD,2024-11-01,40352.54,672,64.4,184,0.0381,1
West,ProductD,2024-12-01,46437.33,788,66.5,239,0.0369,1
West,ProductD,2025-01-01,39206.88,635,54.7,159,0.0371,0
West,ProductD,2025-02-01,37854.58,628,54.3,169,0.0334,0
West,ProductD,2025-03-01,45839.87,770,67.0,222,0.0332,0
West,ProductD,2025-04-01,49636.3,853,79.6,232,0.0343,0
West,ProductD,2025-05-01,59339.96,1011,94.4,290,0.0342,1
West,ProductD,2025-06-01,56583.64,945,84.7,287,0.036,1
West,ProductD,2025-07-01,57905.450000000004,964,90.6,252,0.0331,0
West,ProductD,2025-08-01,54285.55,900,79.3,277,0.0373,0
West,ProductD,2025-09-01,49829.97,843,81.2,224,0.0333,0
West,ProductD,2025-10-01,46541.27,766,65.4,247,0.0332,0
West,ProductD,2025-11-01,40888.18,685,57.5,160,0.0319,1
West,ProductD,2025-12-01,47488.98,798,74.9,216,0.0358,1
West,ProductE,2024-01-01,26626.63,441,44.3,129,0.0347,0
West,ProductE,2024-02-01,26386.82,421,39.8,83,0.0331,0
West,ProductE,2024-03-01,30395.38,494,42.1,122,0.0381,0
West,ProductE,2024-04-01,32911.27,556,47.0,151,0.0355,0
West,ProductE,2024-05-01,40107.95,673,59.9,193,0.0354,1
West,ProductE,2024-06-01,37857.97,631,54.8,187,0.0346,1
West,ProductE,2024-07-01,39708.99,636,49.4,197,0.0331,0
West,ProductE,2024-08-01,50017.29,860,78.6,267,0.0349,0
West,ProductE,2024-09-01,33589.63,554,47.6,118,0.0373,0
West,ProductE,2024-10-01,30736.5,515,44.6,133,0.0348,0
West,ProductE,2024-11-01,27055.73,426,39.1,117,0.0375,1
West,ProductE,2024-12-01,30745.05,491,38.6,141,0.0352,1
West,ProductE,2025-01-01,26282.01,454,43.3,118,0.034,0
West,ProductE,2025-02-01,25244.43,402,37.5,113,0.0322,0
West,ProductE,2025-03-01,31074.53,513,41.7,133,0.0334,0
West,ProductE,2025-04-01,33508.65,571,53.4,152,0.0303,0
West,ProductE,2025-05-01,39794.93,685,59.3,170,0.0355,1
West,ProductE,2025-06-01,37687.64,626,59.0,173,0.0339,1
West,ProductE,2025-07-01,39041.97,638,52.0,159,0.0349,0
West,ProductE,2025-08-01,37022.06,638,50.4,179,0.0364,0
West,ProductE,2025-09-01,33023.0,529,48.5,154,0.0322,0
West,ProductE,2025-10-01,30828.19,524,45.7,116,0.0343,0
West,ProductE,2025-11-01,27229.12,433,39.5,112,0.0336,1
West,ProductE,2025-12-01,31826.32,524,46.0,145,0.0346,1
